{
	"format_version": "1.8.0",
	"animations": {
		"animation.wretch.idle": {
			"loop": true,
			"animation_length": 0.91667,
			"bones": {
				"left_leg": {
					"rotation": {
						"0.125": {
							"vector": [0, 0, 0]
						},
						"0.5417": {
							"vector": [-0.10912, -2.49762, 0.00238]
						},
						"0.9167": {
							"vector": [0, 0, 0]
						}
					},
					"scale": {
						"0.125": {
							"vector": [1, 1, 1]
						},
						"0.625": {
							"vector": [1, 0.975, 1]
						},
						"0.9167": {
							"vector": [1, 1, 1]
						}
					}
				},
				"right_leg": {
					"rotation": {
						"0.0": {
							"vector": [0, 0, 0]
						},
						"0.4167": {
							"vector": [-0.10912, 2.49762, -0.00238]
						},
						"0.9167": {
							"vector": [0, 0, 0]
						}
					},
					"scale": {
						"0.0": {
							"vector": [1, 1, 1]
						},
						"0.5": {
							"vector": [1, 0.975, 1]
						},
						"0.9167": {
							"vector": [1, 1, 1]
						}
					}
				},
				"torso": {
					"rotation": {
						"0.0": {
							"vector": [0, 0, 0]
						},
						"0.0417": {
							"vector": [0.04, 0, 0]
						},
						"0.0833": {
							"vector": [0.09473, 0.0355, 0.01371]
						},
						"0.125": {
							"vector": [0.16266, 0.03481, 0.01345]
						},
						"0.1667": {
							"vector": [0.24991, -0.02463, -0.00951]
						},
						"0.2083": {
							"vector": [0.36508, -0.02379, -0.00919]
						},
						"0.25": {
							"vector": [0.52552, 0.09168, 0.03542]
						},
						"0.2917": {
							"vector": [0.76837, 1.50914, 0.50288]
						},
						"0.3333": {
							"vector": [1.14797, -0.2394, -0.09249]
						},
						"0.375": {
							"vector": [1.89448, -2.5276, -0.89535]
						},
						"0.4167": {
							"vector": [3.63, 0, 0],
							"easing": "easeInSine"
						},
						"0.4583": {
							"vector": [3.31812, 2.33697, 0.88826]
						},
						"0.5": {
							"vector": [2.5, 0, 0],
							"easing": "easeInSine"
						},
						"0.5417": {
							"vector": [2.26736, -2.35285, -0.84527]
						},
						"0.5833": {
							"vector": [2.00671, 0.26645, 0.08511]
						},
						"0.625": {
							"vector": [1.78031, 2.58997, 0.89525]
						},
						"0.6667": {
							"vector": [1.51523, -0.14351, -0.04493]
						},
						"0.7083": {
							"vector": [1.27831, -2.4871, -0.84454]
						},
						"0.75": {
							"vector": [1.00885, 0.38065, 0.11388]
						},
						"0.7917": {
							"vector": [0.78021, 2.66401, 0.87395]
						},
						"0.8333": {
							"vector": [0.51202, -0.59746, -0.19319]
						},
						"0.875": {
							"vector": [0.27985, -2.68076, -0.86319]
						},
						"0.9167": {
							"vector": [0, 0, 0],
							"easing": "linear"
						}
					}
				},
				"left_arm": {
					"rotation": {
						"0.0": {
							"vector": [0, 0, 0]
						},
						"0.4583": {
							"vector": [-2.39727, -6.34033, -2.24891]
						},
						"0.75": {
							"vector": [-2.62079, -3.60321, -4.17238]
						},
						"0.9167": {
							"vector": [0, 0, 0]
						}
					}
				},
				"right_arm": {
					"rotation": {
						"0.0417": {
							"vector": [0, 0, 0]
						},
						"0.5": {
							"vector": [-3.06174, -0.50587, 8.83058]
						},
						"0.75": {
							"vector": [-2.6462, 3.38533, 9.10843]
						},
						"0.7917": {
							"vector": [-2.08916, 0, 0],
							"easing": "easeOutSine"
						},
						"0.8333": {
							"vector": [-1.30312, 2.22013, 4.48119]
						},
						"0.875": {
							"vector": [-0.65, 1.11, 2.24]
						},
						"0.9167": {
							"vector": [0, 0, 0]
						}
					}
				},
				"head": {
					"rotation": {
						"0.0": {
							"vector": [0, 0, 0]
						},
						"0.5417": {
							"vector": [-2.48436, 0.75155, 2.38443],
							"easing": "easeInExpo"
						},
						"0.9167": {
							"vector": [0, 0, 0]
						}
					}
				}
			}
		},
		"animation.wretch.walk": {
			"loop": true,
			"animation_length": 1.08333,
			"bones": {
				"left_leg": {
					"rotation": {
						"0.0": {
							"vector": [-5, 0, 0]
						},
						"0.3333": {
							"vector": [-17.75313, -9.53274, 3.03513]
						},
						"0.4167": {
							"vector": [-5.25, -9.53, 3.04]
						},
						"0.8333": {
							"vector": [2.25, -9.53, 3.04]
						},
						"0.9167": {
							"vector": [9.83, -6.35, 2.03]
						},
						"1.0833": {
							"vector": [-5, 0, 0]
						}
					},
					"position": {
						"0.0": {
							"vector": [0, 0, 0]
						},
						"0.25": {
							"vector": [0, 0.4, -1.2]
						},
						"0.4167": {
							"vector": [0, -1, -2]
						},
						"0.8333": {
							"vector": [0, -1, 0]
						},
						"1.0833": {
							"vector": [0, 0, 0]
						}
					},
					"scale": {
						"0.0": {
							"vector": [1, 0.9, 1]
						},
						"0.25": {
							"vector": [1, 1, 1]
						},
						"0.4167": {
							"vector": [1, 0.9, 1]
						},
						"1.0833": {
							"vector": [1, 0.9, 1]
						}
					}
				},
				"right_leg": {
					"rotation": {
						"0.0": {
							"vector": [-5.25, -9.53, 3.04]
						},
						"0.4167": {
							"vector": [2.25, -9.53, 3.04]
						},
						"0.5": {
							"vector": [9.83, -6.35, 2.03]
						},
						"0.6667": {
							"vector": [-5, 0, 0]
						},
						"1.0833": {
							"vector": [-5.25, -9.53, 3.04]
						}
					},
					"position": {
						"0.0": {
							"vector": [0, -1, -2]
						},
						"0.4167": {
							"vector": [0, -1, 0]
						},
						"0.6667": {
							"vector": [0, 0, 0]
						},
						"1.0833": {
							"vector": [0, -1, -2]
						}
					},
					"scale": {
						"0.0": {
							"vector": [1, 0.9, 1]
						},
						"0.6667": {
							"vector": [1, 0.9, 1]
						},
						"0.9167": {
							"vector": [1, 1, 1]
						},
						"1.0833": {
							"vector": [1, 0.9, 1]
						}
					}
				},
				"torso": {
					"rotation": {
						"0.0": {
							"vector": [10, 0, 0]
						},
						"0.2917": {
							"vector": [-2.29395, 14.82271, -9.86412],
							"easing": "linear"
						},
						"0.4167": {
							"vector": [-1.47716, 8.10701, -7.35307]
						},
						"0.5417": {
							"vector": [10, 0, 0],
							"easing": "linear"
						},
						"0.8333": {
							"vector": [-2.29395, -14.82273, 9.86411],
							"easing": "linear"
						},
						"0.9583": {
							"vector": [-1.47716, -8.10701, 7.35307]
						},
						"1.0833": {
							"vector": [10, 0, 0],
							"easing": "linear"
						}
					}
				},
				"left_arm": {
					"rotation": {
						"0.0": {
							"vector": [0, 0, 0]
						},
						"0.375": {
							"vector": [-14.29219, -6.79514, -7.82347]
						},
						"0.9167": {
							"vector": [12.47007, 0.32626, 2.4788]
						},
						"1.0833": {
							"vector": [0, 0, 0]
						}
					},
					"position": {
						"0.0": {
							"vector": [0, 0, 0]
						},
						"0.25": {
							"vector": [0, -2, -2]
						},
						"1.0833": {
							"vector": [0, 0, 0]
						}
					}
				},
				"right_arm": {
					"rotation": {
						"0.0": {
							"vector": [-14.29, -6.8, 7.82]
						},
						"0.4167": {
							"vector": [12.47007, 0.32626, -2.4788]
						},
						"0.9583": {
							"vector": [-14.29219, -6.79514, 7.8235]
						},
						"1.0833": {
							"vector": [-14.29, -6.8, 7.82]
						}
					},
					"position": {
						"0.0": {
							"vector": [0, -2, -2]
						},
						"0.8333": {
							"vector": [0, 0, 0]
						},
						"1.0833": {
							"vector": [0, -2, -2]
						}
					}
				},
				"head": {
					"rotation": {
						"0.0": {
							"vector": [12.5, 0, 0]
						},
						"0.25": {
							"vector": [12.55531, 12.20144, -9.90701]
						},
						"0.5417": {
							"vector": [-17.44, 0, 0]
						},
						"0.9583": {
							"vector": [12.56, -12.2, 9.91]
						},
						"1.0833": {
							"vector": [12.5, 0, 0]
						}
					},
					"position": {
						"0.0": {
							"vector": [0, 0, 0]
						},
						"0.25": {
							"vector": [0, 0, 0]
						},
						"0.5417": {
							"vector": [0, 0, 1]
						},
						"0.9583": {
							"vector": [0, 0, 0]
						},
						"1.0833": {
							"vector": [0, 0, 0]
						}
					}
				}
			}
		},