{
	"format_version": "1.8.0",
	"animations": {
		"animation.wretch.idle": {
			"loop": true,
			"animation_length": 0.91667,
			"bones": {
				"left_leg": {
					"rotation": {
						"0.125": {
							"vector": [0, 0, 0]
						},
						"0.5417": {
							"vector": [-0.10912, -2.49762, 0.00238]
						},
						"0.9167": {
							"vector": [0, 0, 0]
						}
					},
					"scale": {
						"0.125": {
							"vector": [1, 1, 1]
						},
						"0.625": {
							"vector": [1, 0.975, 1]
						},
						"0.9167": {
							"vector": [1, 1, 1]
						}
					}
				},
				"right_leg": {
					"rotation": {
						"0.0": {
							"vector": [0, 0, 0]
						},
						"0.4167": {
							"vector": [-0.10912, 2.49762, -0.00238]
						},
						"0.9167": {
							"vector": [0, 0, 0]
						}
					},
					"scale": {
						"0.0": {
							"vector": [1, 1, 1]
						},
						"0.5": {
							"vector": [1, 0.975, 1]
						},
						"0.9167": {
							"vector": [1, 1, 1]
						}
					}
				},
				"torso": {
					"rotation": {
						"0.0": {
							"vector": [0, 0, 0]
						},
						"0.0417": {
							"vector": [0.04, 0, 0]
						},
						"0.0833": {
							"vector": [0.09473, 0.0355, 0.01371]
						},
						"0.125": {
							"vector": [0.16266, 0.03481, 0.01345]
						},
						"0.1667": {
							"vector": [0.24991, -0.02463, -0.00951]
						},
						"0.2083": {
							"vector": [0.36508, -0.02379, -0.00919]
						},
						"0.25": {
							"vector": [0.52552, 0.09168, 0.03542]
						},
						"0.2917": {
							"vector": [0.76837, 1.50914, 0.50288]
						},
						"0.3333": {
							"vector": [1.14797, -0.2394, -0.09249]
						},
						"0.375": {
							"vector": [1.89448, -2.5276, -0.89535]
						},
						"0.4167": {
							"vector": [3.63, 0, 0]
						},
						"0.4583": {
							"vector": [3.31812, 2.33697, 0.88826]
						},
						"0.5": {
							"vector": [2.5, 0, 0]
						},
						"0.5417": {
							"vector": [2.26736, -2.35285, -0.84527]
						},
						"0.5833": {
							"vector": [2.00671, 0.26645, 0.08511]
						},
						"0.625": {
							"vector": [1.78031, 2.58997, 0.89525]
						},
						"0.6667": {
							"vector": [1.51523, -0.14351, -0.04493]
						},
						"0.7083": {
							"vector": [1.27831, -2.4871, -0.84454]
						},
						"0.75": {
							"vector": [1.00885, 0.38065, 0.11388]
						},
						"0.7917": {
							"vector": [0.78021, 2.66401, 0.87395]
						},
						"0.8333": {
							"vector": [0.51202, -0.59746, -0.19319]
						},
						"0.875": {
							"vector": [0.27985, -2.68076, -0.86319]
						},
						"0.9167": {
							"vector": [0, 0, 0]
						}
					}
				},
				"left_arm": {
					"rotation": {
						"0.0": {
							"vector": [0, 0, 0]
						},
						"0.4583": {
							"vector": [-2.39727, -6.34033, -2.24891]
						},
						"0.75": {
							"vector": [-2.62079, -3.60321, -4.17238]
						},
						"0.9167": {
							"vector": [0, 0, 0]
						}
					}
				},
				"right_arm": {
					"rotation": {
						"0.0417": {
							"vector": [0, 0, 0]
						},
						"0.5": {
							"vector": [-3.06174, -0.50587, 8.83058]
						},
						"0.75": {
							"vector": [-2.6462, 3.38533, 9.10843]
						},
						"0.7917": {
							"vector": [-2.08916, 0, 0]
						},
						"0.8333": {
							"vector": [-1.30312, 2.22013, 4.48119]
						},
						"0.875": {
							"vector": [-0.65, 1.11, 2.24]
						},
						"0.9167": {
							"vector": [0, 0, 0]
						}
					}
				},
				"head": {
					"rotation": {
						"0.0": {
							"vector": [0, 0, 0]
						},
						"0.5417": {
							"vector": [-2.48436, 0.75155, 2.38443]
						},
						"0.9167": {
							"vector": [0, 0, 0]
						}
					}
				}
			}
		},
		"animation.wretch.look": {
			"animation_length": 1.33333,
			"bones": {
				"left_leg": {
					"rotation": {
						"0.0": {
							"vector": [0, 0, 0]
						},
						"0.625": {
							"vector": [2.5, 0, 0]
						},
						"1.25": {
							"vector": [0, 0, 0]
						}
					},
					"position": {
						"0.0": {
							"vector": [0, 0, 0]
						},
						"0.625": {
							"vector": [0, 0, -0.5]
						},
						"1.25": {
							"vector": [0, 0, 0]
						}
					}
				},
				"right_leg": {
					"rotation": {
						"0.125": {
							"vector": [0, 0, 0]
						},
						"0.7917": {
							"vector": [2.5, 0, 0]
						},
						"1.3333": {
							"vector": [0, 0, 0]
						}
					},
					"position": {
						"0.125": {
							"vector": [0, 0, 0]
						},
						"0.7917": {
							"vector": [0, 0, -0.5]
						},
						"1.3333": {
							"vector": [0, 0, 0]
						}
					}
				},
				"torso": {
					"rotation": {
						"0.0": {
							"vector": [0, 0, 0]
						},
						"0.0417": {
							"vector": [-0.0544, -2.38514, -0.74928]
						},
						"0.0833": {
							"vector": [-0.1548, 0.05625, 0.01572]
						},
						"0.125": {
							"vector": [-0.25391, 2.43774, 0.76098]
						},
						"0.1667": {
							"vector": [-0.42443, -0.06974, -0.01447]
						},
						"0.2083": {
							"vector": [-0.64259, -2.45713, -0.73814]
						},
						"0.25": {
							"vector": [-1.04152, 0.26752, 0.06858]
						},
						"0.2917": {
							"vector": [-1.7435, 2.59619, 0.72868]
						},
						"0.3333": {
							"vector": [-3.5, 0, 0]
						},
						"0.4167": {
							"vector": [-3.63731, -2.42727, -0.59881]
						},
						"0.5": {
							"vector": [-3.98617, 0.61077, 0.13432]
						},
						"0.5833": {
							"vector": [-4.3038, 2.84409, 0.66056]
						},
						"0.6667": {
							"vector": [-4.65195, -1.01742, -0.22592]
						},
						"0.75": {
							"vector": [-4.98847, -2.4407, -0.54143]
						},
						"0.8333": {
							"vector": [-4.49405, 0.80587, 0.20269]
						},
						"0.9167": {
							"vector": [-3.98353, 2.83086, 0.68415]
						},
						"1.0": {
							"vector": [-3.5, 0, 0]
						},
						"1.0417": {
							"vector": [-1.45551, -2.40273, -0.69076]
						},
						"1.0833": {
							"vector": [-0.53611, 1.50128, 0.4693]
						},
						"1.125": {
							"vector": [-0.14836, 2.85641, 0.8954]
						},
						"1.1667": {
							"vector": [-0.04, 0.71, 0.22]
						},
						"1.2083": {
							"vector": [0.00394, -2.25437, -0.71171]
						},
						"1.25": {
							"vector": [0, -0.22, -0.07]
						},
						"1.2917": {
							"vector": [0, 2.49, 0]
						},
						"1.3333": {
							"vector": [0, 0, 0]
						}
					}
				},
				"left_arm": {
					"rotation": {
						"0.0": {
							"vector": [0, 0, 0]
						},
						"0.6667": {
							"vector": [-5, 0, -5]
						},
						"1.3333": {
							"vector": [0, 0, 0]
						}
					}
				},
				"right_arm": {
					"rotation": {
						"0.0833": {
							"vector": [0, 0, 0]
						},
						"0.75": {
							"vector": [-5, 0, 5]
						},
						"1.3333": {
							"vector": [0, 0, 0]
						}
					}
				},
				"head": {
					"rotation": {
						"0.0": {
							"vector": [0, 0, 0]
						},
						"0.25": {
							"vector": [0, 0, 0]
						},
						"0.4583": {
							"vector": [3.15812, 30.93286, 2.53665]
						},
						"0.875": {
							"vector": [7.70811, -32.18207, -11.21797]
						},
						"1.0833": {
							"vector": [0, 0, 0]
						},
						"1.3333": {
							"vector": [0, 0, 0]
						}
					}
				}
			}
		},
		"animation.wretch.walk": {
			"loop": true
		}
	},
	"geckolib_format_version": 2
}